,PDB,Protein Length
0,1a6n,151.0
1,1adw,123.0
2,1aon,186.0
3,1aps,98.0
4,1arr,53.0
5,1au7,58.0
6,1aue,92.0
7,1avz,57.0
8,1ayi,86.0
9,1b9c,224.0
10,1ba5,53.0
11,1bd8,156.0
12,1bf4,63.0
13,1bfe,110.0
14,1bni,108.0
15,1bnz,64.0
16,1brs,87.0
17,1c9o,66.0
18,1cdc,96.0
19,1csp,67.0
20,1cun,107.0
21,1cun,106.0
22,1div,149.0
23,1div,149.0
24,1e0g,48.0
25,1e0l,37.0
26,1e0m,37.0
27,1e41,100.0
28,1e65,128.0
29,1eal,127.0
30,1ehb,82.0
31,1enh,54.0
32,1fex,59.0
33,1fkf,107.0
34,1fmk,437.0
35,1fnf,90.0
36,1ftg,168.0
37,1g6p,66.0
38,1gm1,94.0
39,1gxt,88.0
40,1hcd,118.0
41,1hel,129.0
42,1hmk,121.0
43,1hrc,104.0
44,1hrc,104.0
45,1i1b,151.0
46,1idy,54.0
47,1imq,86.0
48,1j5u,125.0
49,1jmq,40.0
50,1jo8,58.0
51,1jon,141.0
52,1joo,149.0
53,1k0s,151.0
54,1k85,86.0
55,1k8m,87.0
56,1l2y,20.0
57,1l8w,269.0
58,1lmb,87.0
59,1lop,164.0
60,1m9s,523.0
61,1mjc,69.0
62,1n88,96.0
63,1nps,88.0
64,1nti,86.0
65,1o6x,81.0
66,1pba,81.0
67,1pgb,16.0
68,1pgb,56.0
69,1php,219.0
70,1php,175.0
71,1pin,34.0
72,1pnj,86.0
73,1poh,85.0
74,1prb,53.0
75,1prs,83.0
76,1psf,69.0
77,1qop,265.0
78,1qop,390.0
79,1qtu,115.0
80,1ra9,159.0
81,1rfa,78.0
82,1ris,97.0
83,1ryk,69.0
84,1sce,97.0
85,1shg,57.0
86,1spr,103.0
87,1srl,56.0
88,1ss1,62.0
89,1st7,86.0
90,1ten,90.0
91,1tit,89.0
92,1ttf,94.0
93,1u5p,110.0
94,1ubq,76.0
95,1urn,96.0
96,1uzc,69.0
97,1v9e,259.0
98,1vii,36.0
99,1w4j,51.0
100,1wit,93.0
101,1ycc,107.0
102,1yea,111.0
103,1yza,106.0
104,256b,106.0
105,2a3d,73.0
106,2a5e,156.0
107,2acy,98.0
108,2blm,260.0
109,2ci2,65.0
110,2cro,65.0
111,2eal,141.0
112,2fdq,86.0
113,2hpr,86.0
114,2hqi,72.0
115,2lzm,164.0
116,2pdd,43.0
117,2ptl,60.0
118,2qjl,99.0
119,2rn2,155.0
120,2vik,126.0
121,2vkn,66.0
122,2wxc,47.0
123,3chy,128.0
124,3f6r,147.0
125,3m48,30.0
